{"cameraMode":{"drawMode":0,"name":"Shaded","section":"Shading Mode"},"sceneLighting":false,"audioPlay":false,"sceneViewState":{"showFog":true,"showMaterialUpdate":false,"showSkybox":true,"showFlares":true,"showImageEffects":true,"showParticleSystems":true},"in2DMode":false,"pivot":{"x":0.8865827322006226,"y":1.492100477218628,"z":-5.0},"rotation":{"x":-0.00891781598329544,"y":0.9878751039505005,"z":-0.14204499125480653,"w":-0.0620202012360096},"size":1.0000760555267335,"orthographic":false}